{"cameraMode":{"drawMode":0,"name":"Shaded","section":"Shading Mode"},"sceneLighting":true,"audioPlay":false,"sceneViewState":{"m_AlwaysRefresh":false,"showFog":true,"showSkybox":true,"showFlares":true,"showImageEffects":true,"showParticleSystems":true,"showVisualEffectGraphs":true,"m_FxEnabled":true},"in2DMode":false,"pivot":{"x":131.27896118164063,"y":305.1684875488281,"z":-872.9266357421875},"rotation":{"x":0.1652630716562271,"y":-0.07389307767152786,"z":0.012417483143508435,"w":0.9833808541297913},"size":3.529263973236084,"orthographic":true}