{"cameraMode":{"drawMode":0,"name":"Shaded","section":"Shading Mode"},"sceneLighting":true,"audioPlay":false,"sceneViewState":{"m_AlwaysRefresh":false,"showFog":true,"showSkybox":true,"showFlares":true,"showImageEffects":true,"showParticleSystems":true,"showVisualEffectGraphs":true,"m_FxEnabled":true},"in2DMode":false,"pivot":{"x":1.9519450664520264,"y":0.9126018285751343,"z":0.2858535051345825},"rotation":{"x":-0.06746330857276917,"y":0.9267106652259827,"z":-0.20188546180725099,"w":-0.3096757233142853},"size":1.9829142093658448,"orthographic":false}