{"cameraMode":{"drawMode":0,"name":"Shaded","section":"Shading Mode"},"sceneLighting":true,"audioPlay":false,"sceneViewState":{"m_AlwaysRefresh":false,"showFog":true,"showSkybox":true,"showFlares":true,"showImageEffects":true,"showParticleSystems":true,"showVisualEffectGraphs":true,"m_FxEnabled":true},"in2DMode":false,"pivot":{"x":17.913415908813478,"y":-6.176166534423828,"z":-0.7674325704574585},"rotation":{"x":-0.15396668016910554,"y":-0.6538718938827515,"z":0.13834808766841889,"w":-0.7277318239212036},"size":12.360816955566407,"orthographic":false}