{"cameraMode":{"drawMode":0,"name":"Shaded","section":"Shading Mode"},"sceneLighting":false,"audioPlay":false,"sceneViewState":{"m_AlwaysRefresh":false,"showFog":true,"showSkybox":false,"showFlares":true,"showImageEffects":true,"showParticleSystems":true,"showVisualEffectGraphs":true,"m_FxEnabled":true},"in2DMode":false,"pivot":{"x":-0.27877819538116457,"y":1.1390565633773804,"z":-1.3920633792877198},"rotation":{"x":-0.10313884913921356,"y":0.8955160975456238,"z":-0.3309541344642639,"w":-0.2790795564651489},"size":0.9861899614334106,"orthographic":false}